{"context":"et_divi_mods","data":{"divi_mailchimp_api_key":"","divi_regenerate_mailchimp_lists":"false","divi_regenerate_aweber_lists":"false","2_5_flush_rewrite_rules":"done","divi_2_4_documentation_message":"triggered","divi_1_3_images":"checked","menu_link_active":"#403b41","primary_nav_bg":"#ffcc51","primary_nav_dropdown_line_color":"#403b41","fixed_primary_nav_bg":"rgba(255,204,81,0.89)","fixed_secondary_nav_bg":"#ffcc11","show_search_icon":false,"secondary_nav_bg":"#ffcc51","secondary_nav_dropdown_bg":"#ffcc51","accent_color":"#403b41","primary_nav_font_spacing":1,"primary_nav_font":"Montserrat","primary_nav_font_style":"uppercase","menu_link":"#403b41","primary_nav_dropdown_bg":"#ffcc51","primary_nav_dropdown_link_color":"#403b41","primary_nav_dropdown_animation":"expand","mobile_menu_link":"#403b41","mobile_primary_nav_bg":"#ffcc51","3_0_flush_rewrite_rules_2":"done","divi_email_provider_credentials_migrated":true,"custom_footer_credits":"Designed by LoveDivi.com"},"images":[]}