{"sidebar-1":{"recent-posts-2":{"title":"","number":5},"recent-comments-2":{"title":"","number":5},"archives-2":{"title":"","count":0,"dropdown":0},"categories-2":{"title":"","count":0,"hierarchical":0,"dropdown":0},"search-2":{"title":"Search"},"tag_cloud-2":{"title":"","count":0,"taxonomy":"post_tag"},"meta-2":{"title":""}},"sidebar-2":{"aboutmewidget-2":{"title":"Divi All Purpose","imagePath":"","aboutText":"Aliquam posuere sem nec posu dere. Fusce ac nunc erat. Curabitur sem id ipsum efficitur accumsan."}},"sidebar-3":{"nav_menu-2":{"title":"Home versions","nav_menu":12}},"sidebar-4":{"nav_menu-3":{"title":"Other pages","nav_menu":8}}}