{"context":"et_divi_mods","data":{"2_5_flush_rewrite_rules":"done","divi_2_4_documentation_message":"triggered","divi_1_3_images":"checked","show_header_social_icons":"","phone_number":"","header_email":"","secondary_nav_bg":"#1990a4","show_search_icon":"","secondary_nav_dropdown_bg":"","body_font_size":"18","heading_font":"Source Sans Pro","body_font":"Source Sans Pro","link_color":"#212743","font_color":"#ffffff","header_color":"#ffffff","accent_color":"#ffffff","hide_primary_logo":"","menu_height":"58","logo_height":"54","primary_nav_font_size":"14","menu_link_active":"#000000","primary_nav_bg":"rgba(33,39,67,0)","primary_nav_dropdown_line_color":"#545454","minimized_menu_height":"58","fixed_primary_nav_font_size":"14","fixed_primary_nav_bg":"#2a2f4a","fixed_menu_link":"#ffffff","hide_fixed_logo":"","bottom_bar_background_color":"#242943","bottom_bar_text_color":"rgba(244,244,255,0.2)","bottom_bar_font_style":"","bottom_bar_font_size":"14","cover_background":"","hide_nav":"","phone_body_font_size":"14","hide_mobile_logo":"","mobile_menu_link":"#ffffff","mobile_primary_nav_bg":"#212743","use_sidebar_width":"1","sidebar_width":"21","all_buttons_font_size":"20","all_buttons_text_color":"#ffffff","all_buttons_border_width":"2","3_0_flush_rewrite_rules_2":"done","disable_custom_footer_credits":"","custom_footer_credits":"","secondary_nav_fullwidth":"","vertical_nav":false,"boxed_layout":"","nav_fullwidth":true,"menu_link":"#ffffff","primary_nav_font":"","primary_nav_font_style":"","fixed_secondary_menu_link":"#1990a4","all_buttons_border_color":"#ffffff","primary_nav_dropdown_link_color":"#000000","fixed_secondary_nav_bg":"#ffffff","fixed_menu_link_active":"#ffffff","secondary_nav_text_color_new":"#ffffff","header_style":"fullscreen","slide_nav_show_top_bar":"","fullscreen_nav_font_size":"18","fullscreen_nav_top_font_size":"12","slide_nav_font_spacing":"4","slide_nav_font":"Source Sans Pro","slide_nav_font_style":"uppercase","slide_nav_bg":"#212743","all_buttons_border_radius":"0","all_buttons_font":"Source Sans Pro","all_buttons_selected_icon":"$","all_buttons_icon_hover":"no","all_buttons_text_color_hover":"#9bf1ff","all_buttons_bg_color_hover":"rgba(255,255,255,0)","all_buttons_border_color_hover":"#9bf1ff","all_buttons_border_radius_hover":"0","content_width":"1480","show_footer_social_icons":"","bottom_bar_social_icon_color":"rgba(244,244,255,0.2)","all_buttons_icon":"yes","divi_mailchimp_api_key":"","divi_regenerate_mailchimp_lists":"false","divi_regenerate_aweber_lists":"false","static_css_custom_css_safety_check_done":true,"divi_email_provider_credentials_migrated":true,"divi_skip_font_subset_force":true,"product_tour_status":{"1":"off"},"et_fb_pref_settings_bar_location":"bottom","et_fb_pref_modal_snap_location":"left","et_fb_pref_modal_snap":"false","et_fb_pref_modal_fullscreen":"false","et_fb_pref_modal_dimension_width":535,"et_fb_pref_modal_dimension_height":460,"et_fb_pref_modal_position_x":895,"et_fb_pref_modal_position_y":78,"footer_widget_text_color":"#ffffff","footer_widget_link_color":"#ffffff","et_pb_static_css_file":"on","et_pb_css_in_footer":"off","et_pb_product_tour_global":"on"},"images":[]}